<?xml version="1.0" encoding="UTF-8"?>
<project-private xmlns="http://www.netbeans.org/ns/project-private/1">
    <editor-bookmarks xmlns="http://www.netbeans.org/ns/editor-bookmarks/2" lastBookmarkId="0"/>
    <open-files xmlns="http://www.netbeans.org/ns/projectui-open-files/2">
        <group>
            <file>file:/E:/xampp/htdocs/fuel_management/src/Template/VehicleGovernors/form.ctp</file>
            <file>file:/E:/xampp/htdocs/fuel_management/src/Template/HrEmployees/form.ctp</file>
            <file>file:/E:/xampp/htdocs/fuel_management/src/Template/FuelCards/form.ctp</file>
            <file>file:/E:/xampp/htdocs/fuel_management/src/Controller/VehiclesController.php</file>
            <file>file:/E:/xampp/htdocs/fuel_management/src/Template/TrailerInsurances/form.ctp</file>
            <file>file:/E:/xampp/htdocs/fuel_management/src/Template/FuelPurchases/index.ctp</file>
            <file>file:/E:/xampp/htdocs/fuel_management/src/Model/Table/FuelPurchasesTable.php</file>
            <file>file:/E:/xampp/htdocs/fuel_management/src/Template/VehicleInsurances/form.ctp</file>
            <file>file:/E:/xampp/htdocs/fuel_management/src/Template/FuelPurchases/form.ctp</file>
            <file>file:/E:/xampp/htdocs/fuel_management/src/Template/VehicleDriverAssignments/form.ctp</file>
            <file>file:/E:/xampp/htdocs/fuel_management/src/Template/Vehicles/form.ctp</file>
            <file>file:/E:/xampp/htdocs/fuel_management/src/Template/DriverDrivingLicenses/form.ctp</file>
            <file>file:/E:/xampp/htdocs/fuel_management/src/Template/VehicleIncidentAndAccidents/form.ctp</file>
            <file>file:/E:/xampp/htdocs/fuel_management/src/Controller/VehicleModelsController.php</file>
            <file>file:/E:/xampp/htdocs/fuel_management/src/Controller/FuelPurchasesController.php</file>
            <file>file:/E:/xampp/htdocs/fuel_management/src/Template/Drivers/form.ctp</file>
            <file>file:/E:/xampp/htdocs/fuel_management/src/Template/Trailers/form.ctp</file>
            <file>file:/E:/xampp/htdocs/fuel_management/src/Template/FuelCardTopUps/form.ctp</file>
        </group>
    </open-files>
</project-private>
